fighter,peak_rating
Jon Jones,1865.6154168528628
Georges St-Pierre,1835.2955903821542
Islam Makhachev,1820.7798886492637
Anderson Silva,1819.2889095292564
Charles Oliveira,1810.3182993314329
Kamaru Usman,1805.8965283969546
Tony Ferguson,1790.370470116793
Donald Cerrone,1789.1100888657068
Dustin Poirier,1788.8663444062058
Max Holloway,1786.6614208268875
Khabib Nurmagomedov,1774.8317206278118
Leon Edwards,1771.1657862568566
Stipe Miocic,1767.276127237146
Alexander Volkanovski,1766.636710890485
Chuck Liddell,1766.5054168970228
Daniel Cormier,1759.9659889537213
Demetrious Johnson,1759.8937065738937
Francis Ngannou,1758.8932619691207
Belal Muhammad,1757.7160156860991
Aljamain Sterling,1756.0561511292199
Glover Teixeira,1755.8521065164323
Amanda Nunes,1751.1891499633264
Demian Maia,1746.4505368503228
Israel Adesanya,1744.83062934145
Beneil Dariush,1743.8988885445785
Vicente Luque,1740.625871372223
Matt Hughes,1737.2839024325112
Robert Whittaker,1732.970671585022
Chris Weidman,1732.8339632571683
Derrick Lewis,1731.0768867076245
Rafael Dos Anjos,1725.6982870693485
Rashad Evans,1723.9936256872134
Frankie Edgar,1722.8145424386394
Cain Velasquez,1721.9674032600801
Michael Bisping,1721.935172638834
Deiveson Figueiredo,1721.1597885825222
Junior Dos Santos,1720.3589722746922
Andrei Arlovski,1719.2022965484068
Curtis Blaydes,1716.3267118751367
Gilbert Burns,1715.841230679483
Alex Pereira,1714.5305951882551
Royce Gracie,1713.6691028731395
Brendan Allen,1713.3702315537028
Valentina Shevchenko,1713.2796388310771
Jon Fitch,1711.3557426011032
Neil Magny,1710.6826108632106
Tito Ortiz,1710.4195390425116
Dricus Du Plessis,1710.3111763516488
Joseph Benavidez,1709.6656221965454
TJ Dillashaw,1709.5762802880622
Colby Covington,1708.165680241638
Anthony Johnson,1707.9762764399597
Derek Brunson,1705.8037357057926
Sean O'Malley,1702.7400662032778
Conor McGregor,1701.3075526875466
Ryan Bader,1701.256138936797
Johny Hendricks,1701.1128474728018
Magomed Ankalaev,1700.707505920371
Henry Cejudo,1700.1935354320708
Alexander Volkov,1700.02559264738
Tyron Woodley,1699.8644837188026
Robbie Lawler,1697.3790276034915
Yoel Romero,1697.2562216439476
Merab Dvalishvili,1697.0634610390973
Vitor Belfort,1695.7729023915597
Josh Koscheck,1694.6880666671093
Arnold Allen,1694.5401281891263
Sean Strickland,1692.451802750661
Marlon Vera,1692.161854113869
BJ Penn,1691.8106461721516
Tom Aspinall,1691.2527118437085
Jan Blachowicz,1691.045331390046
Jim Miller,1690.1444804220316
Rich Franklin,1689.5894897871412
Ciryl Gane,1688.8268739157372
Cory Sandhagen,1687.5568510488408
Alexandre Pantoja,1686.321607746478
Lyoto Machida,1685.851577338572
Yair Rodriguez,1685.4063469699568
Randy Couture,1684.2669943759633
Kenny Florian,1683.3542991739769
Francisco Trinaldo,1682.940096622087
Thiago Santos,1682.76844304892
Arman Tsarukyan,1681.8422683177819
Grant Dawson,1681.3797164357384
Darren Elkins,1680.4478738930718
John Lineker,1679.2874048419462
Fabricio Werdum,1678.7975293619081
Randy Brown,1678.722068964229
Justin Gaethje,1677.9490498274138
Jose Aldo,1677.9115260067392
Khamzat Chimaev,1677.7058659950108
Renato Moicano,1676.4312489775143
Yushin Okami,1676.0781571889083
Dong Hyun Kim,1675.588805487822
Gegard Mousasi,1675.3007373083828
Michael Chiesa,1674.2709851642678
James Vick,1674.077363572866
Ilia Topuria,1674.060147627154
Song Yadong,1673.9858931023925
Frank Mir,1673.9197929911213
Edson Barboza,1673.4544792532536
Kelvin Gastelum,1673.3280762755007
Jessica Andrade,1672.7677195559452
Kevin Lee,1671.8690482244251
Raphael Assuncao,1671.8388604191389
Jacare Souza,1671.502051879005
Thiago Alves,1671.3010350968034
Don Frye,1670.8447003603214
Jack Della Maddalena,1670.3640859233888
Shavkat Rakhmonov,1669.019826067856
Brian Ortega,1668.9598673736657
Matt Brown,1668.8263158124812
Benson Henderson,1668.6029134713099
Mike Swick,1668.5711542050458
Santiago Ponzinibbio,1668.390785498876
Zhang Weili,1668.3374095409317
Jorge Masvidal,1668.1919725716182
Ian Machado Garry,1667.4438276175104
Stephen Thompson,1666.5398303752202
Alistair Overeem,1666.3034649355047
Brandon Moreno,1664.7114867340747
Anthony Smith,1664.6637275457713
Michel Pereira,1663.690510558951
Gray Maynard,1663.2236624081584
Josh Emmett,1662.3391306634517
Dan Hooker,1661.789418342972
Evan Tanner,1660.6355688129925
Petr Yan,1660.4995079976666
Diego Sanchez,1659.7147051306627
Raquel Pennington,1659.5722044590862
Rory MacDonald,1659.5287646921918
Thales Leites,1658.8568672694607
Rose Namajunas,1658.5290588789076
Movsar Evloev,1657.7224230780055
Jared Cannonier,1656.9273921229476
Joaquin Buckley,1656.4626910801499
Mario Bautista,1656.3234323067247
Kevin Holland,1656.2470167892625
Michel Prazeres,1656.1962072339786
Dan Severn,1656.0992505326053
Jonathan Martinez,1655.6617372847866
George Sotiropoulos,1655.5917007327287
Tatiana Suarez,1655.5450949016722
Alexander Gustafsson,1654.0715773284894
Joanna Jedrzejczyk,1653.7409837488171
Sergei Pavlovich,1653.0499641554868
Cub Swanson,1652.4032065157933
Alex Oliveira,1651.5860339961873
Rani Yahya,1651.1010066794054
Nate Diaz,1650.9321341561101
Diego Ferreira,1650.8576423521156
Matt Hamill,1650.4337009660173
Renan Barao,1650.317633073367
Jailton Almeida,1649.6906684658645
Manon Fiorot,1649.5837752999234
Sean Brady,1649.5231033940745
Rob Font,1649.0116851072798
Mark Coleman,1647.7549587833403
Ricardo Lamas,1647.5239286127712
Al Iaquinta,1647.1132786765372
Caio Borralho,1646.8304900631254
Giga Chikadze,1646.7890537681437
Martin Kampmann,1646.6129901254985
Brad Tavares,1646.327120670228
Mateusz Gamrot,1646.1355764197444
Travis Browne,1645.7018787137272
Maycee Barber,1645.3689737162313
Ricky Simon,1644.988858794263
Phil Davis,1644.3368384130713
Leonardo Santos,1644.0839194265445
Stefan Struve,1643.5490122953909
Luke Rockhold,1643.2784275638955
Muhammad Mokaev,1643.238752996535
Gregor Gillespie,1642.636718114509
Tim Sylvia,1642.5754934540255
Chad Mendes,1642.574209402129
Nate Marquardt,1642.4929478838192
Tai Tuivasa,1641.3419682061315
Gleison Tibau,1640.9724338314452
Jake Ellenberger,1640.7598535277934
Drakkar Klose,1640.2196938161344
Dominick Reyes,1640.1516117860074
Rustam Khabilov,1640.0606861526603
Paddy Pimblett,1639.9144344050726
Ronda Rousey,1639.599464421585
Pat Miletich,1639.5610753957
Drew Dober,1639.3656524988523
Cody Garbrandt,1638.8490526514136
Geoff Neal,1638.4282603614522
Li Jingliang,1638.3640333591395
Umar Nurmagomedov,1637.6140642444038
Erin Blanchfield,1637.0173621695346
Carla Esparza,1636.407958306061
Pedro Munhoz,1636.3267953472644
Melvin Guillard,1636.215389607936
Matt Mitrione,1636.202314467641
Mike Pierce,1636.0776698939346
Jamahal Hill,1635.9888763684075
Nassourdine Imavov,1635.830666970357
Paul Felder,1635.6658165470783
Marcin Tybura,1635.583271845207
Jack Hermansson,1635.443407185725
Alex Morono,1634.9811765352997
Nik Lentz,1634.202012362317
Mark Munoz,1633.9853002719374
Montel Jackson,1633.8418994599544
Alan Belcher,1633.6623597543028
Elizeu Zaleski dos Santos,1633.655698713869
Daniel Rodriguez,1633.524110259167
Gunnar Nelson,1633.2286901253356
Uriah Hall,1633.004891296149
Marcus Davis,1632.9902193320186
Chris Gutierrez,1632.8718038467016
Corey Anderson,1632.6694551388578
Katlyn Cerminara,1632.559601920931
Dennis Bermudez,1631.0086784126063
Quinton Jackson,1630.8659537932353
Nikita Krylov,1630.2614835894403
Myles Jury,1630.0991300873097
Anthony Pettis,1629.8495730661384
Urijah Faber,1629.8370604818263
Marvin Vettori,1629.7618021949927
Ovince Saint Preux,1629.7434856976397
TJ Grant,1629.7111157631812
Lerone Murphy,1629.324712214787
Cheick Kongo,1629.3118124779173
Sergio Moraes,1629.22216656697
Rafael Fiziev,1629.0783499258084
Mairbek Taisumov,1629.0411674148177
Tatsuro Taira,1627.9560146755744
Chan Sung Jung,1627.54914193507
Jairzinho Rozenstruik,1626.7740777616345
Zak Cummings,1626.525944712822
Julianna Pena,1626.4281985842763
Jussier Formiga,1625.7928714684135
Zabit Magomedsharipov,1625.1934504996627
Michael Morales,1625.1181985828352
Joe Lauzon,1625.0745829881016
Roman Dolidze,1624.9583562463863
Norma Dumont,1624.8711320497425
Rick Story,1624.7978780300139
Serghei Spivac,1624.6148361429175
James Krause,1624.5615132958924
Jake Matthews,1624.1853693402827
Carlos Ulberg,1623.9917530814575
Natalia Silva,1623.7207226943901
Alonzo Menifield,1623.6337865421297
Mike Pyle,1623.4751563005746
Forrest Griffin,1623.4545167704034
Pedro Rizzo,1623.1506759647684
Amanda Lemos,1622.9861113480354
Paulo Costa,1622.9619242137992
Roger Huerta,1622.7119394076956
Ryan Spann,1622.5843640207192
Dennis Siver,1622.4851723789134
Ricco Rodriguez,1622.2007727006744
Dominick Cruz,1621.9314924494568
Paul Craig,1621.2778143792325
Alexa Grasso,1620.8390989638049
Francis Carmont,1620.4624493458473
Darren Till,1620.3720695349568
Germaine de Randamie,1620.3648148973855
Antonio Carlos Junior,1620.2044835901945
Bryce Mitchell,1619.8934423352061
Alex Caceres,1619.7849793746664
Matheus Nicolau,1619.730417502994
Josh Barnett,1619.6329651857384
Anthony Rocco Martin,1619.632686808775
Elias Theodorou,1619.5990490906747
Karo Parisyan,1619.0832869279332
Andre Muniz,1618.9533317077075
Jens Pulver,1618.7870657332571
Calvin Kattar,1618.3747508206213
Alejandro Perez,1618.3636428090051
Brandon Royval,1618.1563585478934
Mauricio Rua,1618.0534226438724
Said Nurmagomedov,1618.0068308596888
Mark Hunt,1617.93180058014
Frank Shamrock,1617.5644043990694
Diego Lopes,1617.5452814122089
Sam Alvey,1617.3079225853132
Khalil Rountree Jr.,1617.2938639866447
Olivier Aubin-Mercier,1617.141568006345
Rousimar Palhares,1617.0924161007763
Gregory Rodrigues,1616.5247815077544
Clay Guida,1616.484354264798
Aleksandar Rakic,1616.4217349790138
Omari Akhmedov,1616.0557219360007
Gabriel Gonzaga,1616.0379500277527
King Green,1615.9655480485287
Sodiq Yusuff,1615.474601117547
Yan Xiaonan,1615.1316899684907
Nate Quarry,1614.833711967252
Alex Perez,1614.7417219815104
John Dodson,1614.5608216302312
Evan Dunham,1614.3728381977796
Carlos Condit,1614.32838250302
Dan Ige,1614.0918061765328
Kyoji Horiguchi,1613.2732118708566
Michael Johnson,1612.9612822684342
Jimi Manuwa,1612.3415653340132
Matt Wiman,1612.2898263471563
Krzysztof Jotko,1612.1095700285682
Chris Leben,1611.7221603801395
Claudio Silva,1611.6732387497566
Marina Rodriguez,1611.4645605260414
Adrian Yanez,1611.1411984109704
Virna Jandiroba,1611.1195158987443
Mirsad Bektic,1610.9470695626678
Chas Skelly,1610.788525167792
Matt Lindland,1610.3189318318039
John Hathaway,1610.2713012669617
Joe Stevenson,1610.2280353437573
Shane Burgos,1610.087426658575
Nasrat Haqparast,1609.9925728443682
Joanderson Brito,1609.905116244263
Marlon Moraes,1609.8510859251467
Aleksei Oleinik,1609.805344219222
Jalin Turner,1609.7456629645292
Bryan Battle,1609.6486443633048
Tim Means,1609.3380130670264
Ilir Latifi,1609.1819550784985
Jimmie Rivera,1609.0936417205785
Cristiane Justino,1609.023508149927
Ken Shamrock,1608.9522245546702
Jeremy Stephens,1608.8223792885683
Alexandr Romanov,1608.66122117458
Benoit Saint Denis,1608.5373827690046
Kyung Ho Kang,1608.3335148094247
Daniel Kelly,1608.2169204639238
Johnny Walker,1608.1487140909069
Muslim Salikhov,1607.9378746636958
Thiago Silva,1607.3842456664338
David Teymur,1607.1340968956188
Amir Albazi,1606.9989919203645
Vinc Pichel,1606.9493574199207
Ben Rothwell,1606.8998983835327
Anthony Hernandez,1606.721889744722
Andre Petroski,1606.6061534926478
Marcos Rogerio de Lima,1606.5673858274497
Mackenzie Dern,1606.545670426422
Dan Henderson,1606.3497358645334
Steve Garcia,1606.2884840893917
Shane Carwin,1606.2672208431854
Ludovit Klein,1606.1337749293555
Joel Alvarez,1606.103425076566
Nicolas Dalby,1605.3570611211617
Macy Chiasson,1604.8186463079958
Kyler Phillips,1604.3866126143682
Raoni Barcelos,1603.9516165950436
Nathaniel Wood,1603.4909736619895
Ryan LaFlare,1603.406424727969
Roy Nelson,1603.2172408659658
Spencer Fisher,1603.1758581823904
Kurt Pellegrino,1602.636967452846
Jiri Prochazka,1602.6000810828639
Khaos Williams,1602.5642538595748
Ben Saunders,1602.4194378205423
JunYong Park,1602.3107960980008
Gillian Robertson,1602.097918522103
Oleg Taktarov,1601.743454596087
Cynthia Calvillo,1601.6973418213406
Jack Shore,1601.6002346008222
Tyson Griffin,1601.578294348987
Chris Daukaus,1601.5295641382825
Jonathan Pearce,1600.9967640205518
Kai Kara-France,1600.9635829927122
Abel Trujillo,1600.6622270364333
Jared Rosholt,1600.4751523032699
Tim Boetsch,1599.9739335030747
Erik Perez,1599.8270490918665
Cezar Ferreira,1599.6798312745752
Rafael Natal,1599.548731318302
Takeya Mizugaki,1599.5221986569588
Wilson Gouveia,1599.3941141064793
Azamat Murzakanov,1599.3581959141068
Brock Lesnar,1599.1549203674667
Gerald Meerschaert,1599.0255211462359
Sergio Pettis,1598.9441138173227
Iuri Alcantara,1598.602290031242
Bryan Caraway,1598.5529338327165
Misha Cirkunov,1598.0567429204593
Chael Sonnen,1598.0165269395313
Dustin Jacoby,1597.6358460895433
Yancy Medeiros,1597.486347023906
Sean Woodson,1597.0439463882865
Dan Hardy,1597.0303869475572
Yves Edwards,1596.9718724180252
Thiago Tavares,1596.615593969949
Ross Pearson,1596.544853664345
Warlley Alves,1596.5379341405524
Jeremiah Wells,1596.491193268562
Brandon Vera,1596.4560363138664
Irene Aldana,1596.3185431464478
Louis Smolka,1595.7963296918133
Constantinos Philippou,1595.6009334164899
Bryan Barberena,1595.422911198264
Volkan Oezdemir,1595.3589256629034
Vladimir Matyushenko,1595.2131925789542
Edmen Shahbazyan,1595.0727882600654
Sean Sherk,1595.071399451813
Ketlen Vieira,1595.0425084536269
Tecia Pennington,1594.9519301688476
Scott Holtzman,1594.4203694279884
Claudio Puelles,1593.7085550135223
Shawn Jordan,1593.6578058052498
Cole Miller,1593.3011306618737
Ryan Hall,1593.0886046183177
Jerry Bohlander,1593.0451595006139
Tracy Cortez,1592.9901653469572
Albert Tumenov,1592.9428103423306
Rinat Fakhretdinov,1592.7890595334095
Ed Herman,1592.5218925862205
Bruno Silva,1592.3959748903687
Mark Kerr,1592.090772682379
Karine Silva,1591.8568870017198
Niko Price,1591.5470836702555
Da Woon Jung,1591.4346105992645
Damir Ismagulov,1590.5096973887364
Amanda Ribas,1589.8038273197271
Alan Jouban,1589.4965197893534
Cody Stamann,1589.2580656721473
Michael McDonald,1589.0187077692763
CB Dollaway,1588.850210573014
Rashid Magomedov,1588.7992754613524
Casey Kenney,1588.764263454631
Brian Ebersole,1588.5830945905905
Thomas Almeida,1588.299811215775
Mike Russow,1588.0668193572674
Makwan Amirkhani,1588.0395920294357
Augusto Sakai,1588.0064173827648
Joe Solecki,1587.869514927967
Chad Laprise,1587.488391734247
Tabatha Ricci,1587.4321176905744
Fares Ziam,1587.1252029711209
Loopy Godinez,1587.065014261833
Nordine Taleb,1586.9293062113404
Laverne Clark,1586.766591534716
Mark Madsen,1586.45971910686
James Te Huna,1586.3988976143137
Stevie Ray,1585.9481946622604
Clint Hester,1585.8966855999279
Guy Mezger,1585.775038042029
Chepe Mariscal,1585.6492147116019
William Gomis,1585.5559587499822
Miranda Maverick,1585.4830622685304
Vitor Petrino,1585.3326338684092
Casey O'Neill,1584.9287487658528
Chris Wade,1584.9007926199322
Wilson Reis,1584.790268880312
Lauren Murphy,1584.776808553574
John Makdessi,1584.6911339235855
Felice Herrig,1584.545049353834
Nick Diaz,1584.491500425642
Steven Siler,1584.4259791796371
Chris Camozzi,1584.2728038794903
Danny Castillo,1584.1456412887098
Hakeem Dawodu,1583.8743597027092
Chris Curtis,1583.7173064069016
Dustin Ortiz,1583.585916952532
Alan Patrick,1583.4994888130088
John Howard,1583.4882166433126
Patrick Cote,1583.4083984801148
Johnny Case,1583.2794432462606
Erick Silva,1583.131103904719
Ricardo Ramos,1583.0817324339253
Jimmy Crute,1582.7881710439037
Dustin Hazelett,1582.7399267677654
Ignacio Bahamondes,1582.724652394091
John Moraga,1582.668795987435
Michal Oleksiejczuk,1582.5253734175808
Aaron Simpson,1582.421555667509
Kennedy Nzechukwu,1582.3932587999689
Mike Perry,1582.3307849838795
Jordan Johnson,1582.2437626798478
Brian Kelleher,1582.059166189997
Carlos Prates,1581.998418579167
Pat Sabatini,1581.9042952447496
David Loiseau,1581.8012107987304
Brad Riddell,1581.7861947155668
Justin Willis,1581.2188505036934
Ramazan Emeev,1581.1190600163893
Sage Northcutt,1581.1099052951402
Damon Jackson,1581.0120859488254
Jared Gordon,1580.9632220015692
Adriano Martins,1580.8701787250768
Krzysztof Soszynski,1580.859259749222
Mick Parkin,1580.8136408729702
Hermes Franca,1580.112813739641
Cathal Pendred,1580.0384268456892
Eddie Alvarez,1579.7847568779616
Brian Stann,1579.6176082147354
Shamil Abdurakhimov,1579.557686901088
Joe Pyfer,1579.5388179143886
Davi Ramos,1579.197370724964
Terry Etim,1579.0847330293618
Miles Johns,1578.875284983387
Andre Fili,1578.6998488882855
Trevin Giles,1578.5865579119252
Chris Lytle,1578.444368101054
Norman Parke,1578.2650323086261
Miguel Baeza,1578.1626049111483
Jean Silva,1578.1309521408016
Renato Sobral,1578.0894805735732
Antonio Rodrigo Nogueira,1577.958522710811
Brendan Schaub,1577.8288815184094
Matthew Riddle,1577.785038603241
Waldo Cortes-Acosta,1577.5068930937398
Dooho Choi,1577.3436634416953
Billy Quarantillo,1577.3364566721452
Abdul Razak Alhassan,1577.2798264848211
Jason Knight,1577.2377010968976
Mark Bocek,1577.0056784362555
Rodolfo Vieira,1576.7784210673299
Seth Baczynski,1576.503239900549
Martin Buday,1576.4400886773328
Diego Brandao,1576.3930337671072
Josh Samman,1576.3198544719185
Taylor Lapilus,1575.8661714903612
Rogerio Nogueira,1575.6466915580368
Carlston Harris,1575.4715712536317
Alexander Hernandez,1575.3445586625085
Marco Ruas,1575.3224361177938
Jason Lambert,1575.2377541438123
Jon Madsen,1574.5895267059548
Joe Duffy,1574.368147305556
Kyle Noke,1574.307813093993
Ray Borg,1574.2532948863895
David Abbott,1574.0809028099154
Keith Jardine,1574.0426363053018
Marion Reneau,1574.0054797805703
Paul Sass,1573.9516871958338
Chase Hooper,1573.893377095659
Mayra Bueno Silva,1573.8883594177828
JJ Aldrich,1573.8307760235857
Thiago Moises,1573.80062326887
Mike Malott,1573.7102518107206
Alexis Davis,1573.6304365252988
Tim Credeur,1573.563362922196
Tim Kennedy,1573.5361216264441
Jorge Rivera,1573.4002092493158
Michelle Waterson-Gomez,1573.3815726452615
Mickey Gall,1573.2740544316096
Montana De La Rosa,1573.2355701967717
Loma Lookboonmee,1573.2253612418428
Holly Holm,1573.1813661869546
Caio Magalhaes,1572.9615922431942
Enrique Barzola,1572.8571158370455
Mitch Gagnon,1572.8439005115988
Tom Breese,1572.6591457912648
Muhammad Naimov,1572.5126603805707
Rony Jason,1572.4685691369707
Curtis Millender,1572.3097063449898
Karol Rosa,1572.3076800323627
Aspen Ladd,1572.1338640426227
Magnus Cedenblad,1572.0252361448386
Jeremy Horn,1572.018084658173
Manuel Torres,1571.7723524194805
Matthew Semelsberger,1571.7290080089915
Miesha Tate,1571.7145100835717
Payton Talbott,1571.146321993835
Din Thomas,1571.136851805369
Mike Davis,1571.078922799031
Gerald Harris,1570.7858957691985
Alberto Mina,1570.7813990395546
Matt Frevola,1570.5904058335027
Aiemann Zahabi,1570.5273437494088
Gabriel Benitez,1570.3885512411862
Edimilson Souza,1570.3278260000925
Bo Nickal,1570.0166402779134
Mark Hominick,1569.948628966185
Askar Askarov,1569.9085720882626
Elves Brener,1569.7340466792418
Taila Santos,1569.6871954479914
Christian Rodriguez,1569.6431627321342
Chris Cariaso,1569.6029884885297
Daron Cruickshank,1569.3186392735456
Manny Bermudez,1569.1785262622093
Paulo Thiago,1569.1131165724719
Claudia Gadelha,1569.0654720446255
Iasmin Lucindo,1569.0410093808578
Luke Barnatt,1569.032683702232
Nate Maness,1569.013241405711
Brett Johns,1568.9510548167284
Jacob Volkmann,1568.9388483456187
Gavin Tucker,1568.926242597421
Makhmud Muradov,1568.9115500508938
Mateusz Rebecki,1568.8332329461452
Ricardo Almeida,1568.7915766595343
Ben Nguyen,1568.6422113046438
Marco Polo Reyes,1568.6065660585632
Dean Lister,1568.4848443671779
Danny Roberts,1568.124713222699
Paige VanZant,1568.0799374958192
Rodrigo Nascimento,1568.0404572284626
Jake Shields,1568.0288056178215
Shara Magomedov,1567.88178184441
Raul Rosas Jr.,1567.8103312453718
Dan Miller,1567.2856592337982
Tagir Ulanbekov,1567.197259879099
Roland Delorme,1567.158208739118
Marcus McGhee,1567.0228717934476
Cameron Saaiman,1566.898517689461
Stephan Bonnar,1566.7280680548686
Kendall Grove,1566.7113609472194
Daniel Marcos,1566.5359357560033
Amir Sadollah,1566.52700872153
Siyar Bahadurzada,1566.4630326624854
Jason MacDonald,1566.4508110021518
Ali Bagautinov,1566.4038580862373
Luana Santos,1566.3259345871143
Joaquim Silva,1566.3005533650294
Roosevelt Roberts,1566.2396982053726
Alessio Sakara,1566.0310011104389
Joshua Burkman,1565.9565253742267
Steve Erceg,1565.7736892602913
Kajan Johnson,1565.6835364813965
Song Kenan,1565.369621296249
Court McGee,1565.2756688899203
Marco Beltran,1565.2627149691982
Nicolae Negumereanu,1565.2095874481263
Farid Basharat,1565.1107788992474
Marc Diakiese,1564.9235107068964
Robert Peralta,1564.7550878753543
Julian Erosa,1564.6552637639672
Maurice Greene,1564.5826482986072
Claude Patrick,1564.4551906649915
Karolina Kowalkiewicz,1564.412630651182
Mike Easton,1564.0822826892625
Asu Almabayev,1564.0703937864057
Ronny Markes,1564.0610535844764
Maryna Moroz,1564.0459657682115
Kyle Kingsbury,1564.017964080568
Jasmine Jasudavicius,1564.0124971631644
Roman Kopylov,1563.8635288650107
Zubaira Tukhugov,1563.790833238653
Jose Quinonez,1563.7398866580252
Themba Gorimbo,1563.7135936453528
Patrick Smith,1563.434349159648
Elias Silverio,1563.1658588792275
Viviane Araujo,1562.8860390130317
Antoni Hardonk,1562.6373553199953
Eliot Marshall,1562.5299018117596
Molly McCann,1562.464655000381
Phil Hawes,1562.3872427370438
Max Griffin,1562.1416617212724
Matt Schnell,1562.0337558516983
Frankie Saenz,1562.0323537401503
Ruslan Magomedov,1561.979056965206
Kiichi Kunimoto,1561.9676302297735
Bill Algeo,1561.9194206302955
Cody Durden,1561.827650611995
David Dvorak,1561.7817654992564
Nate Landwehr,1561.7114129009108
Bethe Correia,1561.6853044067927
Shonie Carter,1561.6228674948243
Murilo Bustamante,1561.4651987032323
Brad Blackburn,1561.456895138813
Alatengheili,1561.3699419130908
Justin Ledet,1561.3390877359057
Jake O'Brien,1561.0687137048424
Jordan Mein,1561.045866270905
Josiane Nunes,1561.04387337276
Alex Garcia,1561.022731559443
Ailin Perez,1561.021993403958
Uros Medic,1560.7216978071324
Tom Lawlor,1560.1650031210963
Andrea Lee,1560.0996715091753
Douglas Silva de Andrade,1559.992655222677
Matt Serra,1559.9152887798402
Rich Clementi,1559.8165312623908
Maurice Smith,1559.696793819535
Javid Basharat,1559.6431193104547
Jeff Molina,1559.46230028349
Victor Henry,1559.455765071888
Ivan Salaverry,1559.3781257240257
Vanessa Demopoulos,1559.340688361065
Tyson Pedro,1559.103592010097
Akira Corassani,1559.0206315605312
Marcus Brimage,1558.990598842031
Rinya Nakamura,1558.8320626831082
Mohammed Usman,1558.7971515091212
Paul Daley,1558.7939637903546
Jaqueline Amorim,1558.752513811705
Jacqueline Cavalcanti,1558.624492755391
Davey Grant,1558.5569125086824
Jeremy Kennedy,1558.5525520803071
Vitor Miranda,1558.3571806470786
Bartosz Fabinski,1558.3510958903519
Pete Williams,1558.3109603140767
Manel Kape,1558.2541334817354
Joshua Van,1558.212474122552
Greg Hardy,1557.9222793210486
Phil Rowe,1557.9046583850236
Josh Thomson,1557.9004970020771
Sara McMann,1557.6416176462978
Tomasz Drwal,1557.5900441194644
John Castaneda,1557.5267669913299
Lucas Martins,1557.4510070698764
Magomed Mustafaev,1557.3131641461428
Nick Hein,1557.2380141207725
Hector Lombard,1557.0610923210077
Valerie Letourneau,1557.0424760669137
Andre Lima,1556.8200786317345
TJ Waldburger,1556.780526503734
Paul Buentello,1556.64093250408
David Onama,1556.3452321246375
Lorenz Larkin,1556.2443900326357
Youssef Zalal,1556.2253458317286
Terrance McKinney,1555.779076782666
Todd Duffee,1555.7005703657
Soa Palelei,1555.695987027581
Karl Roberson,1555.678593989385
Jeff Monson,1555.3288559158502
Patrick Cummins,1555.2498568699116
Brunno Ferreira,1555.235379291478
Ivan Menjivar,1555.2206662896128
Marcio Cruz,1555.1014725255307
Walt Harris,1554.9223604772287
Charles Jourdain,1554.6868051533472
Gabriel Bonfim,1554.4887615499267
Philipe Lins,1554.2299942206503
Karl Williams,1554.2137247334304
Khama Worthy,1554.0894793455204
Luis Pena,1553.9008250582708
Julio Arce,1553.885883647316
Ikram Aliskerov,1553.6353885783117
Ian Freeman,1553.4519014477848
Luana Pinheiro,1553.3685609349825
Luiz Cane,1553.1905441493493
Jordan Leavitt,1553.0210886186344
Herbert Burns,1552.89251868602
Eryk Anders,1552.8484843488
Kayla Harrison,1552.6442802023207
Mark Hall,1552.5254723058042
Houston Alexander,1552.328832295473
Aleksei Kunchenko,1552.0339096293997
Daniel Roberts,1551.965170668372
Nick Osipczak,1551.894689457009
Gadzhimurad Antigulov,1551.76672198208
Eddie Sanchez,1551.7294300654867
Kevin Burns,1551.623715527633
Felipe Arantes,1551.4952292687642
Cat Zingano,1551.3580648961492
David Branch,1551.2608295652549
Nursulton Ruziboev,1551.2045922100876
Luana Carolina,1551.1180637041502
Christian Leroy Duncan,1551.0522612304874
Ottman Azaitar,1550.9805484329336
Ian Heinisch,1550.9015359437194
Tony Gravely,1550.8902831659684
Yana Santos,1550.8779126526329
Hyun Gyu Lim,1550.841985198769
Brandon Thatch,1550.7699860292516
Tatsuya Kawajiri,1550.7053435136718
Brady Hiestand,1550.7025201236743
Myktybek Orolbai,1550.619093306988
Daniel Omielanczuk,1550.3831175505363
Esteban Ribovics,1550.3592688103101
Ion Cutelaba,1550.0571906974144
Lavar Johnson,1550.050959167007
Batgerel Danaa,1550.0499317659287
Daniel Pineda,1550.0
Gary Goodridge,1550.0
Johnny Bedford,1550.0
Kevin Jackson,1550.0
Jess Liaudin,1550.0
Devonte Smith,1549.9862470210044
Punahele Soriano,1549.9258136567462
Henrique da Silva,1549.9234756963529
Julian Marquez,1549.8400002159733
Phil Baroni,1549.7650138111705
Andrew Craig,1549.6939370462694
Kevin Randleman,1549.6680948655833
Brock Larson,1549.5851313062515
Vinicius Oliveira,1549.444354529297
Jennifer Maia,1549.4411267760472
Ariane da Silva,1549.343247203326
Nazim Sadykhov,1549.1986937367105
Francisco Rivera,1549.1179402441433
Melissa Gatto,1548.8367241361984
Sean Pierson,1548.7681901461606
Duane Ludwig,1548.7416858140743
Joe Proctor,1548.7329402901157
Chidi Njokuani,1548.7317598395114
Jason Saggo,1548.6874212583866
Mac Danzig,1548.6414205061471
Fredy Serrano,1548.6254445317925
Paul Kelly,1548.614945648248
Pablo Garza,1548.563362922196
Steve Jennum,1548.563362922196
Joel Sutton,1548.563362922196
Teruto Ishihara,1548.5089285553356
Jesus Aguilar,1548.439977914557
William Knight,1548.3649259873778
Tanner Boser,1548.253007883915
Joanne Wood,1548.166519330104
Ramsey Nijem,1548.023174911895
Sabina Mazo,1547.9374888691436
Charlie Brenneman,1547.8697195036702
Efrain Escudero,1547.8661021512908
Dylan Andrews,1547.8516607158615
Kenny Robertson,1547.8137153425307
Chris Padilla,1547.6781864033035
Hyder Amil,1547.6558290298715
Clayton Carpenter,1547.6002340316927
Josh Culibao,1547.583931860583
Sam Stout,1547.547839859717
Saidyokub Kakhramonov,1547.5057482723978
Eugene Jackson,1547.4792148254762
Pannie Kianzad,1547.1620159974964
Adlan Amagov,1547.109383267114
Nora Cornolle,1547.045155712502
Bas Rutten,1547.0324652231645
Andre Ewell,1546.9618303007344
Nina Nunes,1546.7729152445809
Godofredo Pepey,1546.7235417534437
Lyman Good,1546.717905983391
Igor Pokrajac,1546.3950000171828
Juan Espino,1546.3766781091526
John Maguire,1546.2566208592768
HyunSung Park,1546.2455360042732
George Sullivan,1546.2164456487264
Guangyou Ning,1546.0840285005768
Desmond Green,1546.0761814755317
Mirko Filipovic,1545.9277181368325
Kevin Jousset,1545.8834496595991
Jhonata Diniz,1545.6469076303893
Russell Doane,1545.6115535588733
Chris Duncan,1545.560261893954
Darren Stewart,1545.4606915265858
Daniel Zellhuber,1545.4493819479535
Joe Riggs,1545.4270980619592
Michael Chandler,1545.3562543866235
Phillip Miller,1545.3214891131436
Oumar Sy,1545.1985723859589
Tony DeSouza,1545.1122533664623
Diego Rivas,1545.0948291306443
Michael Graves,1544.9569314507644
Jimy Hettes,1544.9361215058823
Nicholas Musoke,1544.91669136794
Jamie Varner,1544.894520264372
Kevin Aguilar,1544.7298784294835
Brian Bowles,1544.712196731638
Erik Koch,1544.712196731638
Chris Holdsworth,1544.6059384048772
Nick Ring,1544.4171373460506
Jason Brilz,1544.2640411468456
Hugo Viana,1544.203153253329
Antonio Silva,1544.1604098855632
Cyrille Diabate,1544.0629214335024
Poliana Botelho,1543.9238957203606
Charlie Campbell,1543.9128618067439
Danny Henry,1543.8499774443092
Danny Barlow,1543.726781100695
David Heath,1543.563362922196
Mike van Arsdale,1543.563362922196
Melsik Baghdasaryan,1543.563362922196
Rich Attonito,1543.563362922196
Chris Beal,1543.563362922196
Don Madge,1543.563362922196
Yves Jabouin,1543.5201275107684
Rob Emerson,1543.465636456672
Ronnie Lawrence,1543.46228455483
Gian Villante,1543.3810972908243
Laureano Staropoli,1543.309388199735
Tainara Lisboa,1543.0609890559897
Shane Nelson,1542.9680371741483
Oskar Piechota,1542.8991744922143
Rogerio Bontorin,1542.8853917617994
Trevor Prangley,1542.875866882721
Darren Uyenoyama,1542.7659489437324
Eddie Wineland,1542.7543274941318
Ildemar Alcantara,1542.747095200844
Cory McKenna,1542.7224225420682
Joey Beltran,1542.6320309131502
Adam Wieczorek,1542.5992693699632
Fabiano Iha,1542.5764205717226
Alex Hunter,1542.4900522619869
Rory Singer,1542.4239803903831
Kenichi Yamamoto,1542.3982853150071
Devin Clark,1542.391712193705
Scott Jorgensen,1542.3888916052542
Tsuyoshi Kohsaka,1542.3881857974611
Rodrigo Damm,1542.2888341283742
Damir Hadzovic,1542.287959068858
Charles Radtke,1542.123455376236
Bea Malecki,1541.9814611616373
Livinha Souza,1541.832990767718
Timur Valiev,1541.5806183410707
Trey Waters,1541.5404624581095
Yazmin Jauregui,1541.486006106859
Armen Petrosyan,1541.453750129864
Viscardi Andrade,1541.4430383484307
Justin Tafa,1541.1992184378196
Sumudaerji,1541.1682314115208
Igor Araujo,1541.1579413092438
Justin Scoggins,1541.1474023551773
Julia Avila,1541.0644904303253
Omar Morales,1541.0240082944754
Viviane Pereira,1540.8457751367757
Jessica-Rose Clark,1540.7946161346977
DaMarques Johnson,1540.770395309921
David Terrell,1540.768924029595
Andrew Sanchez,1540.7502326530853
Jack Jenkins,1540.717138212457
Arjan Bhullar,1540.7088201395798
Aleksandra Albu,1540.6998510554085
Nick Maximov,1540.6647141136984
Jamie Mullarkey,1540.6266890281506
Danilo Marques,1540.620113092595
Ronaldo Rodriguez,1540.604915382761
Zach Makovsky,1540.5037862081156
Paddy Holohan,1540.3322875490048
Michael Trizano,1540.287803268362
Carlos Felipe,1540.199699540125
Shayilan Nuerdanbieke,1540.118522187823
Hatsu Hioki,1540.0457496148667
Angela Hill,1539.5853606326777
Tamdan McCrory,1539.314847280147
Brad Katona,1539.070576453373
Remco Pardoel,1538.953023090257
Nad Narimani,1538.8499774443092
Josefine Knutsson,1538.8499774443092
Zhang Lipeng,1538.8499774443092
Royston Wee,1538.8499774443092
Drew Fickett,1538.7451652808002
Charles Johnson,1538.7168859812368
Fabio Maldonado,1538.6564704638422
Christos Giagos,1538.6297334535452
Paul Varelans,1538.5991077998465
JeongYeong Lee,1538.5939569848874
Josh Neer,1538.51320508293
Oban Elliott,1538.4020018258823
Pingyuan Liu,1538.3578138497805
Francimar Barroso,1538.176329933811
Frank Trigg,1538.0612626597
Sijara Eubanks,1538.0546464404256
Dave Menne,1537.916223998081
Megan Anderson,1537.8805862941786
James Irvin,1537.8335105418105
Piera Rodriguez,1537.7174920977245
Keith Hackney,1537.71668030269
Justine Kish,1537.7037663651915
Rafa Garcia,1537.6044398734302
KJ Noons,1537.4998206479459
Viktoriia Dudakova,1537.2742273534357
Takanori Gomi,1537.2597638926727
Sam Sicilia,1537.1955744140464
Wanderlei Silva,1537.141938099079
Carlos Newton,1537.107072333644
Blagoy Ivanov,1537.0862189387828
Stephanie Egger,1536.9706294823172
Parker Porter,1536.8079392110355
Eric Schafer,1536.7438643632363
Bogdan Guskov,1536.7142294214777
Ricky Glenn,1536.6963594398985
Jonathan Goulet,1536.6600025393248
Brian Foster,1536.4814699378073
Joselyne Edwards,1536.1750637073826
Andre Fialho,1535.9895244343104
Hacran Dias,1535.9415998331624
Eric Spicely,1535.3040787485688
Ryan Jimmo,1535.2752924533954
Gan McGee,1535.0754207781702
Yoshiyuki Yoshida,1535.0517658913225
Marc-Andre Barriault,1535.0324819975506
Pete Spratt,1534.7042975746012
Matthew Lopez,1534.6696515697536
Reza Madadi,1534.6509438374637
Zak Ottow,1534.5045583900937
Jafel Filho,1534.484244808922
Joe Charles,1534.4605219450527
Ben Askren,1534.407584647615
Jason DeLucia,1534.3186659727137
Anthony Perosh,1534.228362547668
Takashi Sato,1534.1180667029128
Jacob Malkoun,1533.9923486234095
Dave Beneteau,1533.9081464135945
Denise Gomes,1533.8967942214538
Luigi Fioravanti,1533.8867349123498
Cung Le,1533.797643903399
Brad Pickett,1533.619103780335
Tarec Saffiedine,1533.60330404361
Raulian Paiva,1533.4295167512755
Piotr Hallmann,1533.3775489683294
Shamil Gaziev,1533.1665465336898
Maximo Blanco,1533.086504750732
Trevor Smith,1533.0389941727526
Caol Uno,1532.8297720078915
Che Mills,1532.762762739424
Ismael Bonfim,1532.7190082916086
Felicia Spencer,1532.5887415861296
Johnny Eduardo,1532.440276389418
Joe Soto,1531.345469463372
Scott Ferrozzo,1531.2729506714438
Leandro Issa,1531.2202065249778
Morgan Charriere,1531.1926390148096
James Head,1531.132947540853
Dwight Grant,1531.1211283645905
Sergey Khandozhko,1531.1141713425154
Wesley Correira,1531.022566451014
Drew McFedries,1530.9183987140807
Liz Carmouche,1530.8457155354724
Luis Henrique,1530.7960357702625
Shannon Gugerty,1530.7133763211546
Falaniko Vitale,1530.7112200416382
Roan Carneiro,1530.4341668500374
Chance Rencountre,1530.4264560321449
Leandro Silva,1530.2453598023244
Isaac Dulgarian,1530.2257669164937
Pat Barry,1530.1751611508182
Damian Stasiak,1530.166468537325
Steve Nelmark,1530.1366122271436
Kyle Nelson,1530.1264749275745
Luke Cummo,1529.975820611269
Da'Mon Blackshear,1529.8710418602545
Leslie Smith,1529.8050805910248
Gerard Gordeau,1529.7957914570254
SeungWoo Choi,1529.771376680906
Cody Brundage,1529.7436567926957
Manvel Gamburyan,1529.7363395733062
Daniel Santos,1529.733998234735
Tony Fryklund,1529.712196731638
Dustin Kimura,1529.6867485412804
Peter Sobotta,1529.6173787751256
Antonina Shevchenko,1529.575050176308
Ismail Naurdiev,1529.5262887148492
Goran Reljic,1529.5027444515254
Darrick Minner,1529.3450765855293
Khalid Murtazaliev,1529.2382157538104
Jack Marshman,1529.1575368996587
Felipe Lima,1529.1145943431077
Johnny Rhodes,1528.970312664355
Jon Tuck,1528.942093639086
Marcus Aurelio,1528.8919377821326
Fernando Padilla,1528.8752062510828
Hector Sandoval,1528.721249924649
Elvis Sinosic,1528.6733904521077
Sam Patterson,1528.610017249395
Kalib Starnes,1528.563398003756
Ketlen Souza,1528.4801573897123
Ariane Carnelossi,1528.455151889317
Diego Nunes,1528.4193755177885
Genki Sudo,1528.3582464555245
Emily Whitmire,1528.3241300626828
Jake Hadley,1528.2994808320395
Brian Melancon,1528.2989319792223
Chelsea Chandler,1528.2881315201728
Allan Nascimento,1528.1972160351822
Bart Palaszewski,1527.981917317408
Mike Wilkinson,1527.8828940807066
Neil Seery,1527.8726635417743
Tim Elliott,1527.7715024584058
Sanae Kikuta,1527.7162358363357
Steve Bosse,1527.63637682076
Gabe Green,1527.5893233179195
Shane Roller,1527.577537861459
Ode Osbourne,1527.5730872781971
Antonio Carvalho,1527.5680905342729
Jutaro Nakao,1527.5108897084035
Katsunori Kikuno,1527.4939419372083
Dennis Hallman,1527.453853995859
Jake Hecht,1527.4051062222777
Michael Page,1527.3617008146766
Ashlee Evans-Smith,1527.30798277476
Jason Day,1527.255069272023
Mike Grundy,1527.2271099494849
Irina Alekseeva,1527.1202041192548
Stanislav Nedkov,1527.0271819861089
Randy Costa,1527.0165279242865
Semmy Schilt,1527.0146466946144
Joe Slick,1526.9691411360413
Jonny Parsons,1526.9308720271183
Luke Sanders,1526.898875564289
Shinsho Anzai,1526.8516425694463
Mounir Lazzez,1526.8079760368516
Mike Massenzio,1526.7751226770065
Timothy Johnson,1526.7561050664992
Mike Kyle,1526.7300982314382
Mark Schultz,1526.7226596808885
Trevin Jones,1526.6645677390563
Jordan Wright,1526.5886584490568
Robert Whiteford,1526.5620792294449
Ikuhisa Minowa,1526.5493579759768
Junior Albini,1526.5371676521966
Mariya Agapova,1526.5365870806572
Damien Brown,1526.526490669948
Akihiro Gono,1526.4838338648278
Alessio Di Chirico,1526.443954772706
Humberto Bandenay,1526.436637077804
Kron Gracie,1526.393185751975
Tim Hague,1526.37741289827
Tyson Nam,1526.3346169339536
Niklas Backstrom,1526.3333167527476
Justin Eilers,1526.3316510281425
Christian Wellisch,1526.3233127174162
Mauricio Ruffy,1526.2730763616507
Dmitry Sosnovskiy,1526.2528470801255
Lee Murray,1526.2334235005933
Yuta Sasaki,1526.2235177624148
Lucas Almeida,1526.2006014217272
Andre Winner,1526.1356446527627
Rob Kimmons,1526.1272306755752
Shane Young,1526.0544441439981
Zachary Reese,1525.8463651595453
Dong Hyun Ma,1525.8449063506591
Garrett Armfield,1525.818617475734
Jonathan Brookins,1525.7357869716166
Mark Weir,1525.5853190063958
Sarah Moras,1525.5292842389595
Andrei Semenov,1525.4439810066285
Tony Kelley,1525.420965608904
Tom Duquesnoy,1525.4197264144648
Maheshate,1525.4019782654082
Lina Lansberg,1525.3251909649935
Veronica Hardy,1525.2409473074972
Issei Tamura,1525.22406990128
Dan Bobish,1525.188385239993
Jean Matsumoto,1525.1804789343685
Ramazan Temirov,1525.1728130016959
Jason Von Flue,1525.1395332638763
Jonathan Wilson,1525.106013782459
Will Brooks,1525.064761940339
Ken Stone,1525.0047605374084
Matt Veach,1525.0038108000458
Marcos Vinicius,1525.0
Cesar Almeida,1525.0
John Cholish,1525.0
Paul Jones,1525.0
Mikey Burnett,1525.0
Charles Byrd,1525.0
Alex Karalexis,1525.0
Shana Dobson,1525.0
Yorgan De Castro,1525.0
Troy Mandaloniz,1525.0
Dalcha Lungiambula,1525.0
Modestas Bukauskas,1525.0
Cody McKenzie,1525.0
Sean McCorkle,1525.0
Ron Waterman,1525.0
Polyana Viana,1525.0
Rob Broughton,1525.0
Juliana Miller,1525.0
Scott Adams,1525.0
Yuki Kondo,1525.0
Anying Wang,1525.0
Christian Aguilera,1525.0
Robert McDaniel,1525.0
Tor Troeng,1525.0
Loik Radzhabov,1525.0
Roberto Traven,1525.0
Jimmy Flick,1525.0
War Machine,1525.0
Yanal Ashmouz,1525.0
Glaico Franca Moreira,1525.0
Aisling Daly,1525.0
Branden Lee Hinkle,1525.0
Antonio Braga Neto,1525.0
Rory Markham,1525.0
Tony Sims,1525.0
John Albert,1525.0
Mara Romero Borella,1525.0
Josh Sampo,1525.0
Sam Adkins,1525.0
Anshul Jubli,1525.0
Onassis Parungao,1525.0
Henry Briones,1525.0
Nick Catone,1525.0
Nathan Fletcher,1525.0
Jesse Lennox,1525.0
Jonathan Wiezorek,1525.0
Jon Hess,1525.0
Tom Murphy,1525.0
Justin Martin,1525.0
Simeon Thoresen,1525.0
Mackens Semerzier,1525.0
Nate Loughran,1525.0
Rachael Ostovich,1525.0
Roman Mitichyan,1525.0
Aliaskhab Khizriev,1525.0
Anthony Torres,1525.0
Tulio Palhares,1525.0
Lance Gibson,1525.0
Dave Herman,1525.0
Joseph Morales,1525.0
Cesar Marscucci,1525.0
James McSweeney,1525.0
Ben Alloway,1525.0
Matt Arroyo,1525.0
Kevin Rosier,1525.0
Rolando Delgado,1525.0
John Lewis,1525.0
Justin Lawrence,1525.0
Mairon Santos,1525.0
Brian Johnston,1525.0
Frank Hamaker,1525.0
Nick Pace,1525.0
Ryan Loder,1525.0
Spike Carlyle,1525.0
Junie Browning,1525.0
Thiago Perpetuo,1525.0
Kay Hansen,1525.0
Walel Watson,1525.0
Marcelo Mello,1525.0
Scott Bessac,1525.0
Paul Taylor,1525.0
Mike Nickels,1525.0
Steve Cantwell,1525.0
Enson Inoue,1525.0
Bob Cook,1525.0
Martin Bravo,1525.0
Rafael Carino,1525.0
Eddie Gordon,1525.0
Ricardo Abreu,1525.0
Mike Ciesnolevicz,1525.0
Sasha Palatnikov,1525.0
Kazushi Sakuraba,1525.0
James Wilks,1525.0
Alvaro Herrera Mendoza,1525.0
Zhang Mingyang,1525.0
Sione Latu,1525.0
Pete Sell,1524.9974686175792
Jose Torres,1524.9618077041832
Ji Yeon Kim,1524.8585910129877
Sheymon Moraes,1524.8082293105108
Isaac Vallie-Flagg,1524.7495211884645
Bec Rawlings,1524.711977409814
Rodolfo Bellato,1524.6949576836516
Marcel Fortuna,1524.6752134172216
Justin McCully,1524.6751748058332
Andrew Holbrook,1524.633710310693
Trey Ogden,1524.5908800410798
Josh Quinlan,1524.414486260219
Andre Roberts,1524.4036705016124
Darko Stosic,1524.3422728645482
Priscila Cachoeira,1524.2773353556995
Philip De Fries,1524.2764133892672
Bojan Velickovic,1524.2481608122685
Jorge Santiago,1524.2095240898116
Juan Adams,1524.1477984532426
Travis Lutter,1524.1076040583891
Gokhan Saki,1524.0963711213403
Justin Salas,1524.0870193921378
Zhang Tiequan,1524.0294733045164
Maiquel Falcao,1524.0193042344824
Ebenezer Fontes Braga,1524.018129593483
Justin Jaynes,1523.982408135897
Augusto Montano,1523.9770062100256
Chad Anheliger,1523.9406799774104
Eduarda Moura,1523.8845183051296
Marcelo Golm,1523.870288370098
Kamuela Kirk,1523.8672961595103
Cody Donovan,1523.8501322640263
Corey Hill,1523.8499774443092
Mike Rio,1523.8499774443092
Galore Bofando,1523.8499774443092
Nick Denis,1523.8499774443092
Carlos Eduardo Rocha,1523.8499774443092
Dan Christison,1523.8499774443092
Viacheslav Borshchev,1523.8214647352545
Adam Milstead,1523.7961065191025
Billy Ray Goff,1523.7893337576008
Tedd Williams,1523.7805138465892
Victor Altamirano,1523.73533799914
Impa Kasanganay,1523.6743277719067
Chris Clements,1523.6193434554805
Alexander Yakovlev,1523.570040589264
Cheyanne Vlismas,1523.5523442667054
Sergey Morozov,1523.4798728032476
Yoshihiro Akiyama,1523.4088351707223
Abus Magomedov,1523.3071640490039
Cristian Quinonez,1523.2880627031673
Tom Niinimaki,1523.1964894709465
Felipe Silva,1523.1701465744827
Trevor Peek,1523.1182958174777
Lance Benoist,1523.0488880291539
Wang Cong,1523.033390875038
Robelis Despaigne,1523.008679487461
Francis Marshall,1522.8912374839163
Ricardo Romero,1522.8702268539514
Alex White,1522.8660179086494
Abdul-Kerim Edilov,1522.8613374300621
Hector Urbina,1522.8424455374245
Sam Hoger,1522.8394976479858
Waylon Lowe,1522.8078151514649
Tamires Vidal,1522.7959634464196
CJ Vergara,1522.7849139226903
Edwin Figueroa,1522.7669301298233
Carmelo Marrero,1522.7221243227295
Emil Meek,1522.6052823789419
Albert Duraev,1522.5783547341377
Michinori Tanaka,1522.5074162033627
Brianna Fortino,1522.3965305706636
Tom Nolan,1522.30985468328
Javier Vazquez,1522.2875687624967
Hunter Azure,1522.1658582965083
Masanori Kanehara,1522.143927582493
Ibo Aslan,1522.0239787561954
Charles Rosa,1521.8861168155026
Pascal Krauss,1521.8791003903327
Mark De La Rosa,1521.844661905072
Cole Smith,1521.8259253898912
Mark Godbeer,1521.7927181766647
Chris Kelades,1521.7668039440525
Danny Silva,1521.7241116128741
Dusko Todorovic,1521.6627646370798
Noad Lahat,1521.647363071589
Lucie Pudilova,1521.60315065171
Tristan Connelly,1521.5883757095896
Don'Tale Mayes,1521.56792781099
Melissa Mullins,1521.5580013822348
Wang Guan,1521.480332266192
Renato Verissimo,1521.4728984451867
Carlo Prater,1521.436637077804
Lauren Mueller,1521.436637077804
Alptekin Ozkilic,1521.3550240542822
Montserrat Rendon,1521.3103613365386
Daria Zhelezniakova,1521.2251869588865
Stephanie Luciano,1521.1500225556908
Hans Stringer,1521.093692980313
Bibulatov Magomed,1521.0921269864034
Juliana Lima,1521.0838221776276
Austin Lingo,1521.0649980054566
Aleksa Camur,1521.0589214620686
Benito Lopez,1520.8763856028052
Abu Azaitar,1520.838376782477
Yan Cabral,1520.787999124499
Daichi Abe,1520.678604732805
Emily Ducote,1520.6768403671922
Danielle Taylor,1520.4170271954827
Azat Maksum,1520.4116512666708
Mizuki,1520.3681889199806
Jorge Gurgel,1520.340869616106
Shamil Gamzatov,1520.3042118902322
Miguel Torres,1520.2271765747623
Dan Cramer,1520.2051164666714
Kazuki Tokudome,1520.1482848915955
Sean Spencer,1520.1223871646464
Rei Tsuruya,1520.0872993555545
Jamal Pogues,1520.0648842820801
Yui Chul Nam,1520.008044594502
Levan Makashvili,1520.0049787170074
Reginaldo Vieira,1520.0
Jeff Hougland,1520.0
Colton Smith,1520.0
ChangHo Lee,1520.0
Jim Alers,1520.0
Chris Cope,1520.0
Ben Earwood,1520.0
Sarah Kaufman,1520.0
Victor Hugo,1520.0
Masio Fullen,1520.0
Carlos Hernandez,1520.0
Logan Clark,1520.0
Mark Eddiva,1520.0
Ramon Taveras,1520.0
Montserrat Conejo Ruiz,1520.0
Yoshiki Takahashi,1520.0
Dione Barbosa,1520.0
Ernest Chavez,1520.0
Richard Walsh,1520.0
Mark Hughes,1520.0
Nick Thompson,1520.0
Leah Letson,1520.0
Clay Harvison,1520.0
Patrick Walsh,1520.0
Miranda Granger,1520.0
Joe Ellenberger,1520.0
Nah-Shon Burrell,1520.0
Dave Strasser,1520.0
Josh Stansbury,1520.0
Kai Kamaka,1520.0
Tafon Nchukwi,1520.0
Buddy Roberts,1520.0
Clifford Starks,1520.0
Naoki Inoue,1520.0
Kyle Watson,1520.0
Bolaji Oki,1520.0
Jamey-Lyn Horth,1520.0
Ricky Turcios,1520.0
Heather Clark,1520.0
Ian Loveland,1520.0
Erick Montano,1520.0
Shamar Bailey,1520.0
Jessamyn Duke,1520.0
John Gunther,1520.0
Geraldo de Freitas,1520.0
Guram Kutateladze,1520.0
Benji Radach,1520.0
Ryan Janes,1520.0
Jessin Ayari,1520.0
Talita Alencar,1520.0
Jessica Penne,1520.0
Chris Gruetzemacher,1520.0
Tiago dos Santos e Silva,1520.0
Nurullo Aliev,1519.7241748439317
Francisco Figueiredo,1519.7093916808085
Carlo Pedersoli Jr.,1519.6196291211645
Kevin Ferguson,1519.4012541585726
Jordan Espinosa,1519.304569753869
Nadia Kassem,1519.2688215185667
Chico Camus,1519.2561430498213
Jesus Pinedo,1519.2342026748356
Rafael Estevam,1519.1974216230594
Blake Bilder,1519.168813163559
Tucker Lutz,1519.1658991160632
Francisco Trevino,1519.1628734697863
Eduardo Garagorri,1519.129824121109
Cody Haddon,1519.0195885336452
MarQuel Mederos,1519.0137872132761
Jenel Lausa,1518.991080188004
Luke Jumeau,1518.9659597037335
Milana Dudieva,1518.8499774443092
Jarred Brooks,1518.8499774443092
Puja Tomar,1518.8499774443092
Forrest Petz,1518.8499774443092
Marcelo Guimaraes,1518.8499774443092
Nicco Montano,1518.8499774443092
Magomed Gadzhiyasulov,1518.8499774443092
Tyrone Roberts,1518.7906814958308
Syuri Kondo,1518.784047942041
Brok Weaver,1518.781592649535
Danny Chavez,1518.7370138678857
Kanako Murata,1518.5704331817487
Ange Loosa,1518.539663015012
Luis Saldana,1518.5184268551138
Lando Vannata,1518.5107121102733
Deron Winn,1518.497557295119
Sedriques Dumas,1518.430858185196
Mana Martinez,1518.1364929748809
Jamie Moyle,1518.1194123697398
Ryan Benoit,1517.9001680697418
Hannah Cifers,1517.898962984815
Sirwan Kakai,1517.7577205812927
Abubakar Nurmagomedov,1517.390821157594
Natan Levy,1517.099900042586
Terry Martin,1516.986907542235
Gaston Bolanos,1516.7558869857633
Ivan Jorge,1516.7288560798338
Nikolas Motta,1516.5779640555834
Jessica Eye,1516.2481602268806
Gilbert Melendez,1516.2016452018763
Wellington Turman,1515.5830007123654
Jordan Rinaldi,1515.581625834173
Alessandro Costa,1514.995169485067
Sean O'Connell,1514.7607998974731
Vince Morales,1514.5579977518748
Anthony Njokuani,1514.0286495883104
James Moontasri,1513.8667996011968
Chris Barnett,1513.309905554035
Melquizael Costa,1512.9302906434987
Jake Rosholt,1512.7324486951031
Brad Scott,1512.559862845201
Ihor Potieria,1512.4763213016074
Kyle Daukaus,1512.4574100374273
Cortney Casey,1512.0516896143065
Scott Askham,1511.959538748523
Austin Hubbard,1511.8614340706008
Dhiego Lima,1511.7996348498834
Markus Perez,1511.7735319699148
Mitch Clarke,1511.153846193172
Mike Rodriguez,1511.1070958872172
Anthony Hamilton,1510.9464062374323
Jason High,1510.7787169210021
Fabricio Camoes,1510.5332352436612
Mike de la Torre,1510.5123540069342
Malcolm Gordon,1510.331628751727
Rafael Alves,1510.3272672889914
Jason Witt,1510.1107831213558
Leonard Garcia,1510.0711941229108
Jake Collier,1510.069658845233
Luigi Vendramini,1509.981658945359
Randa Markos,1509.9737139804843
Jamall Emmers,1509.9174168202965
Tom Watson,1509.8584386032048
Preston Parsons,1509.8315588331209
Maxim Grishin,1509.7570206182386
Adam Fugitt,1509.7458512792527
Rafael Cavalcante,1509.64573092942
Kimo Leopoldo,1509.5774012456673
Ramiz Brahimaj,1509.3041475277473
Steven Peterson,1509.2735303649997
Karlos Vemola,1509.174868445369
Jared Hamman,1509.0209012863568
Justin Buchholz,1508.9771906395351
Francisco Prado,1508.9694117165996
Mario Miranda,1508.8962873925636
Dwayne Cason,1508.7874130333753
Chris Wilson,1508.7010783075636
Junior Tafa,1508.6493644425013
Cyril Asker,1508.646338382701
Daniel Sarafian,1508.496086147886
Rameau Thierry Sokoudjou,1508.3136832583696
Justin Edwards,1508.2896727171137
Bassil Hafez,1508.2790123817138
Christian Morecraft,1508.2186570705364
Ian McCall,1508.15687604547
TJ Brown,1508.07796184792
Vagner Rocha,1508.071379189119
Gustavo Lopez,1507.9753073456739
Geane Herrera,1507.9055504726373
Cody Gibson,1507.784355503606
John Salter,1507.7688593820071
Sultan Aliev,1507.7654826203548
Jeremy Kimball,1507.6100143217739
Tra Telligman,1507.5918682569438
Dominique Steele,1507.558659757029
Frankie Perez,1507.534560908651
Geza Kalman,1507.5042144586355
Alex Nicholson,1507.5042144586355
Nick Sanzo,1507.4886777971333
Dongi Yang,1507.4704568156337
Scott Smith,1507.4297229000406
Anthony Birchak,1507.3563065688184
Luan Chagas,1507.3393665255846
Patrick Williams,1507.2924653504917
Willie Gates,1507.2419799239933
Ryo Chonan,1507.1758743127814
Oluwale Bamgbose,1507.0810969242973
Akbarh Arreola,1507.0364393164327
Aoriqileng,1507.0153226988132
Yaotzin Meza,1506.8565191615223
George Roop,1506.8103363812204
Jose Johnson,1506.7173430759126
Darrell Horcher,1506.6382123340431
Joachim Christensen,1506.5916619013572
Bruna Brasil,1506.5031334553673
Wu Yanan,1506.3968193589242
David Bielkheden,1506.3558490115704
Johnny Munoz,1506.3387679324076
Dale Hartt,1506.2318876915995
Pete Rodriguez,1506.2159914943118
Jeka Saragih,1506.2074466763797
Artem Lobov,1506.175686667808
Harold Howard,1506.1500225556908
Steven Graham,1506.1500225556908
Chris Brennan,1506.1500225556908
Tai Bowden,1506.1500225556908
Reuben Duran,1506.1500225556908
Katsuhisa Fujii,1506.1500225556908
Yosdenis Cedeno,1506.1500225556908
Louis Gaudinot,1506.1500225556908
Tae Hyun Bang,1506.1500225556908
Garreth McLellan,1506.1500225556908
Rob MacDonald,1506.1500225556908
Khalid Taha,1506.1500225556908
Ian Entwistle,1506.1500225556908
Gilbert Urbina,1506.0903295858002
Guido Cannetti,1506.0511652297846
Junior Assuncao,1506.0242442792683
Claudio Ribeiro,1505.9927031644563
Shane Campbell,1505.8677576365137
Jarjis Danho,1505.6814896762376
Scott Morris,1505.674148389656
Michael Kuiper,1505.640392940139
Heath Herring,1505.6381905275712
Chris Fishgold,1505.5677770890998
Charles McCarthy,1505.5596524001603
Marcus Bossett,1505.548390377344
Matt Dwyer,1505.4937632205776
Alvin Robinson,1505.4409986645965
Edgar Chairez,1505.4342268606829
Joe Doerksen,1505.3991920896185
Orlando Wiet,1505.345599283978
Chris Tuchscherer,1505.3286992171406
Keith Rockel,1505.2968315805163
Klidson Abreu,1505.2851094269254
Todd Medina,1505.255538350585
Teemu Packalen,1505.1651792363386
Amaury Bitetti,1505.1574483767286
Denis Tiuliulin,1505.1568308438495
Brad Kohler,1505.1487173720325
Dustin Pague,1505.082699006656
Jack Nilson,1505.065968938621
Kleydson Rodrigues,1505.0127003264477
Alex Chambers,1505.0
Vik Grujic,1505.0
Kaue Fernandes,1504.9941612157181
Robert Sanchez,1504.9495040143065
Augusto Mendes,1504.9209266231849
Kyle Bochniak,1504.9013580206731
Greg Soto,1504.8443870160277
Kuniyoshi Hironaka,1504.7472184868766
Albert Morales,1504.747098298234
Gabriel Miranda,1504.726067365334
Josh Fremd,1504.716528846724
Chase Sherman,1504.5918335747372
Jason Gonzalez,1504.5831637744748
Vaughan Lee,1504.5759752416222
Evan Elder,1504.5084481717377
Mads Burnell,1504.3708586085456
Steve Bruno,1504.3498555126912
Curt Warburton,1504.3127654045538
Clay Collard,1504.2742060410794
Per Eklund,1504.2075372723402
Matt Sayles,1504.1937066589257
Maki Pitolo,1504.0467369616322
Frank Camacho,1504.0370869098097
Rongzhu,1503.9904403347014
Amanda Cooper,1503.9868746891714
Cal Worsham,1503.8554774415504
Felipe Colares,1503.8189638910549
Jamie Pickett,1503.716753850638
Daniel Spitz,1503.672266339814
Jai Herbert,1503.5382620556218
Caolan Loughran,1503.5006298328465
Felipe dos Santos,1503.46518553015
Valmir Lazaro,1503.4145292627238
Julia Polastri,1503.4090339659772
Thomas Petersen,1503.2328106744983
Liana Jojua,1503.1918771771814
Irwin Rivera,1503.1861396299403
Renee Forte,1503.171710676436
Bruno Santos,1503.1556127109566
Denis Kang,1503.145738202076
Dan Argueta,1503.1353253185548
Kevin Casey,1503.1333841275086
Sam Hughes,1503.0947507696544
Travis Fulton,1503.0609177446493
Gina Mazany,1503.0227925261725
Jesse Taylor,1502.9624114697642
Jonathan Meunier,1502.9316266663616
Joseph Holmes,1502.9085756780764
Mickael Lebout,1502.8786202865697
Roger Narvaez,1502.8567635015615
Valter Walker,1502.8051585760177
Mallory Martin,1502.7159592019832
Luke Zachrich,1502.601068408798
Cristiano Marcello,1502.5760196096169
Gil Castillo,1502.5330709177379
Ivana Petrovic,1502.4672688953467
Elise Reed,1502.2945172049665
Allen Crowder,1502.2340510562676
Joe Moreira,1502.2196572391179
Mike Guymon,1502.081870835528
Lara Procopio,1502.0542680368515
Chris Dempsey,1501.841665277847
Roxanne Modafferi,1501.8009515334568
Eddie Yagin,1501.760044340009
Mason Jones,1501.6910995049689
Jinh Yu Frey,1501.6501093316062
Henry Martinez,1501.641363110822
Jerrod Sanders,1501.5809757376771
Nate Mohr,1501.5265983457157
Brendan O'Reilly,1501.3492065453195
Aaron Rosa,1501.2722370814874
Richie Vaculik,1501.1500225556908
Rafaello Oliveira,1501.1500225556908
Mike Jackson,1501.1500225556908
Viktor Pesta,1501.1500225556908
Tereza Bleda,1501.1434596786153
Josh Parisian,1501.1271593812203
Yao Zhikui,1501.0838221776276
Riki Fukuda,1501.0431531292745
Phil Harris,1501.0216270064227
Lucas Alexander,1501.0010369872737
Jared Vanderaa,1500.7842984875008
Ron Stallings,1500.7792929095801
Gasan Umalatov,1500.720452693255
Marcus LeVesseur,1500.4983980325
Alex Da Silva,1500.457864091003
Callan Potter,1500.3857501595348
Brandon Davis,1500.281344281675
Joby Sanchez,1500.1766897957891
Andreas Michailidis,1500.1648825972559
Nathan Coy,1500.1019236100146
Raphael Pessoa,1500.082699006656
Sai Wang,1500.0742832028072
Matt Grice,1500.0662003780633
John Gunderson,1500.065968938621
Shauna Bannon,1500.0062949663459
Nick Aguirre,1500.0
Leonardo Morales,1500.0
Sarah Alpar,1500.0
Hayder Hassan,1500.0
James Llontop,1500.0
Donny Walker,1500.0
Jacob Kilburn,1500.0
Dakota Bush,1500.0
Ryan MacDonald,1500.0
Colin Robinson,1500.0
Colin Fletcher,1500.0
Mark Holst,1500.0
Timmy Cuamba,1500.0
Yuri Villefort,1500.0
Steve Judson,1500.0
Marcos Mariano,1500.0
Yohan Lainesse,1500.0
Hernani Perpetuo,1500.0
Hugo Duarte,1500.0
Gadzhi Omargadzhiev,1500.0
Chris Price,1500.0
Razak Al-Hassan,1500.0
Carlton Minus,1500.0
Ronys Torres,1500.0
Lisa Ellis,1500.0
Jason Black,1500.0
Josh Shockley,1500.0
Rainy Martinez,1500.0
David Kaplan,1500.0
Roger Bowling,1500.0
Cameron VanCamp,1500.0
Joe Vedepo,1500.0
Chris Indich,1500.0
Brogan Walker,1500.0
Dashon Johnson,1500.0
Victor Rodriguez,1500.0
David Dodd,1500.0
Alberto Uda,1500.0
Seo Hee Ham,1500.0
Danny Abbadi,1500.0
Leo Kuntz,1500.0
Vince Cachero,1500.0
Shane Howell,1500.0
Danilo Belluardo,1500.0
Kaynan Kruschewsky,1500.0
Micheal Gillmore,1500.0
Tom DeBlass,1500.0
Wendell Oliveira Marques,1500.0
Pat Schilling,1500.0
Todd Brown,1500.0
Jim Wallhead,1500.0
Yusaku Kinoshita,1500.0
Marcin Bandel,1500.0
Chase Gormley,1500.0
AJ Cunningham,1500.0
Bernardo Magalhaes,1500.0
Marnic Mann,1500.0
Anton Zafir,1500.0
Kyle Stewart,1500.0
Ulysses Gomez,1500.0
Nolan Ticman,1500.0
Chan-Mi Jeon,1500.0
Wes Combs,1500.0
Cesar Arzamendia,1500.0
Mohammad Yahya,1500.0
Tommy Hayden,1500.0
Rob Yundt,1500.0
Rodrigo de Lima,1500.0
James Bochnovic,1500.0
Dileno Lopes,1500.0
Leonardo Guimaraes,1500.0
Vinny Magalhaes,1500.0
Paulo Santos,1500.0
Mike Lullo,1500.0
Matt Bessette,1500.0
Yusuke Kasuya,1500.0
Rob Wilkinson,1500.0
Matt Horwich,1500.0
Tim Lajcik,1500.0
Julio Paulino,1500.0
John Halverson,1500.0
Richardson Moreira,1500.0
Alex Soto,1500.0
Austen Lane,1500.0
Yasuhiro Urushitani,1500.0
Collin Anglin,1500.0
Travis Wiuff,1500.0
Curtis Stout,1500.0
Cody Pfister,1500.0
Joseph Gigliotti,1500.0
Ashkan Mokhtarian,1500.0
Alexandre Dantas,1500.0
Juan Manuel Puig,1500.0
Jeremy Jackson,1500.0
Rex Holman,1500.0
Azunna Anyanwu,1500.0
Jason Young,1500.0
Jonavin Webb,1500.0
Ansar Chalangov,1500.0
Larissa Pacheco,1500.0
Austin Springer,1500.0
Carlos Vera,1500.0
Jessica Rakoczy,1500.0
Joao Zeferino,1500.0
Gabriella Fernandes,1500.0
Kyle Prepolec,1500.0
Ryan Thomas,1500.0
Kevin Jordan,1500.0
Jack May,1500.0
Jorge Lopez,1500.0
Steve Montgomery,1500.0
Fabiano Scherner,1500.0
Michel Quinones,1500.0
Rudyard Moncayo,1500.0
Pearl Gonzalez,1500.0
Valeri Ignatov,1500.0
Caio Machado,1500.0
Anthony Christodoulou,1500.0
Harry Moskowitz,1500.0
Kazuhiro Nakamura,1500.0
Jose Maria,1500.0
Paul Redmond,1500.0
Val Woodburn,1500.0
Bruno Souza,1500.0
Pat Audinwood,1500.0
Steve Berger,1500.0
CJ Keith,1500.0
Thomas Gifford,1500.0
Jeff Cox,1500.0
Tommy Speer,1500.0
Oli Thompson,1500.0
Ben Wall,1500.0
Nick Penner,1500.0
Carls John De Tomas,1500.0
Rayanne dos Santos,1500.0
Sheila Gaff,1500.0
Johnny Rees,1500.0
Dan Stittgen,1500.0
Moti Horenstein,1500.0
Luiz Dutra,1500.0
Joe Veres,1500.0
Alexis Dufresne,1500.0
John Cofer,1500.0
Alan Omer,1500.0
Brendson Ribeiro,1500.0
Charlie Ward,1500.0
Joseph Sandoval,1500.0
Julie Kedzie,1500.0
Bristol Marunde,1500.0
Brad Morris,1500.0
Aalon Cruz,1500.0
Royce Alger,1500.0
Sammy Morgan,1500.0
Victor Valimaki,1500.0
JC Cottrell,1500.0
Brian Houston,1500.0
Danny Mitchell,1500.0
Victor Martinez,1500.0
Andreas Stahl,1500.0
Saimon Oliveira,1500.0
Jin Soo Son,1500.0
Edilberto de Oliveira,1500.0
Nick Fiore,1500.0
Christian Colombo,1500.0
Kevin Borjas,1500.0
Mike Stumpf,1500.0
Trent Jenkins,1500.0
Hayato Sakurai,1500.0
Fatima Kline,1500.0
Kiefer Crosbie,1500.0
Justin Jones,1500.0
Tateki Matsuda,1500.0
Joe Brammer,1500.0
Ericka Almeida,1500.0
Sam Fulton,1500.0
Anna Elmose,1500.0
Rashad Coulter,1500.0
Brodie Farber,1500.0
Steve Vigneault,1500.0
Elvis Mutapcic,1500.0
Elias Garcia,1500.0
Ali AlQaisi,1500.0
Carlos Candelario,1500.0
Mike Santiago,1500.0
Gideon Ray,1500.0
Blood Diamond,1500.0
Ramona Pascual,1500.0
Josh Haynes,1500.0
Kevin Natividad,1500.0
Zelim Imadaev,1500.0
Jumabieke Tuerxun,1500.0
Jay Perrin,1500.0
Antonio Arroyo,1500.0
Niklas Stolze,1500.0
Jeff Curran,1500.0
Fabio Cherant,1500.0
Iliarde Santos,1500.0
Shannon Ross,1500.0
Daniel Barez,1500.0
Denys Bondar,1500.0
Jared Papazian,1500.0
Jeremy Larsen,1500.0
Brad Imes,1500.0
Jake Lindsey,1500.0
Angela Magana,1500.0
Norifumi Yamamoto,1500.0
Jocelyn Jones-Lybarger,1500.0
Muin Gafurov,1500.0
Anthony Macias,1500.0
Daiju Takase,1500.0
Andy Enz,1500.0
Lukasz Sajewski,1500.0
Marcio Alexandre Junior,1500.0
Bobby Nash,1500.0
Dan Moret,1500.0
Ruan Potts,1500.0
Mike Rhodes,1500.0
Harry Hunsucker,1500.0
Marcelo Rojo,1500.0
Renzo Gracie,1500.0
Ron van Clief,1500.0
Felix Lee Mitchell,1500.0
Alan Baudot,1500.0
Rodney Wallace,1500.0
Jason Reinhardt,1500.0
Jeff Hughes,1500.0
Yoji Anjo,1500.0
Estevan Payan,1500.0
Bojan Mihajlovic,1500.0
Darian Weeks,1500.0
Damian Grabowski,1500.0
Westin Wilson,1500.0
Hector Aldana,1500.0
Diego Saraiva,1500.0
Cole Escovedo,1500.0
Darrell Montague,1500.0
Garett Whiteley,1500.0
Keith Wisniewski,1500.0
Edgar Garcia,1500.0
Fernie Garcia,1500.0
Istela Nunes,1500.0
Dequan Townsend,1500.0
Martin Day,1500.0
Terrion Ware,1500.0
Alen Amedovski,1500.0
Pat Healy,1500.0
Vinicius Moreira,1500.0
Liang Na,1500.0
Josh Grispi,1500.0
Jerome Rivera,1500.0
Jodie Esquibel,1500.0
Phillipe Nover,1500.0
John Alessio,1500.0
Ashley Yoder,1500.0
Kailin Curran,1500.0
Zhalgas Zhumagulov,1500.0
Michihiro Omigawa,1500.0
Naoyuki Kotani,1500.0
Jesse Ronson,1500.0
Sean Soriano,1500.0
Andy Ogle,1500.0
Aaron Phillips,1500.0
Bobby Voelker,1500.0
John Phillips,1500.0
Wulijiburen,1500.0
Nam Phan,1500.0
Hu Yaozong,1500.0
Kalindra Faria,1500.0
Genaro Valdez,1500.0
Damacio Page,1500.0
Jesse Forbes,1500.0
Roque Martinez,1500.0
Dmitrii Smoliakov,1500.0
Thibault Gouti,1500.0
Jay Hieron,1500.0
Tiki Ghosn,1500.0
Mizuto Hirota,1500.0
Anton Turkalj,1500.0
Ricardo Funch,1500.0
Rhys McKee,1500.0
Khadis Ibragimov,1500.0
Zarah Fairn,1500.0
Ike Villanueva,1500.0
Will Campuzano,1500.0
JP Buys,1500.0
Seth Petruzelli,1500.0
Jordan Williams,1500.0
Jessica Aguilar,1500.0
David Lee,1500.0
Jordan Griffin,1500.0
Matt Van Buren,1500.0
Ross Pointon,1500.0
Luke Caudillo,1500.0
Chris Avila,1500.0
Emily Kagan,1500.0
Boston Salmon,1500.0
Steve Steinbeiss,1500.0
Antonio Dos Santos,1500.0
Mitch Ramirez,1500.0
Yoislandy Izquierdo,1500.0
Steve Kennedy,1500.0
Drako Rodriguez,1500.0
Roldan Sangcha'an,1500.0
Charalampos Grigoriou,1500.0
Homer Moore,1500.0
Paul Creighton,1500.0
Jason Gilliam,1500.0
Barb Honchak,1500.0
Cody East,1500.0
Adam Yandiev,1500.0
Jorge Patino,1500.0
Aaron Riley,1500.0
Alexandre Barros,1500.0
Suman Mokhtarian,1500.0
Daniel Jolly,1500.0
Kelly Faszholz,1500.0
Samy Schiavo,1500.0
Rosi Sexton,1500.0
Zane Frazier,1500.0
Cameron Else,1500.0
Xavier Foupa-Pokam,1500.0
Art Jimmerson,1500.0
Eric Wisely,1500.0
Michal Figlak,1500.0
Grigory Popov,1500.0
Anthony Lapsley,1500.0
Motonobu Tezuka,1500.0
Alexandre Ferreira,1500.0
Jorge de Oliveira,1500.0
Rin Nakai,1500.0
Maria Oliveira,1500.0
Kwan Ho Kwak,1500.0
Gloria de Paula,1500.0
Besam Yousef,1500.0
Cristina Stanciu,1500.0
Yizha,1500.0
Cain Carrizosa,1500.0
Zac Pauga,1500.0
Horacio Gutierrez,1500.0
Sheldon Westcott,1500.0
Greg Stott,1500.0
Tonya Evinger,1500.0
Andre Soukhamthath,1500.0
Minoki Ichihara,1500.0
Sabah Homasi,1500.0
Erick Gonzalez,1500.0
Journey Newson,1500.0
Daniel Teymur,1500.0
Diana Belbita,1500.0
Vinicius Salvador,1500.0
Victoria Leonardo,1500.0
Darrius Flowers,1500.0
Salim Touahri,1500.0
Charlie Ontiveros,1500.0
Vernon White,1500.0
Ryan Jensen,1500.0
Mateus Mendonca,1500.0
Gabe Ruediger,1500.0
Brian Camozzi,1500.0
Mostapha Al-Turk,1500.0
Rolando Bedoya,1500.0
Kris McCray,1500.0
Alex Reyes,1500.0
Tresean Gore,1500.0
James Toney,1500.0
Edwin DeWees,1500.0
Roman Bogatov,1500.0
Gilbert Yvel,1500.0
Gabriel Santos,1500.0
Marvin Eastman,1500.0
Mike Ricci,1500.0
David Mitchell,1500.0
John Lober,1500.0
Julija Stoliarenko,1500.0
Jason Miller,1500.0
Lukasz Brzeski,1500.0
Josh Hendricks,1500.0
Andre Pederneiras,1500.0
Dominic Waters,1500.0
Kamal Shalorus,1500.0
Jeff Joslin,1500.0
Toshiomi Kazama,1500.0
Alexander Munoz,1500.0
Kevin Croom,1500.0
Assuerio Silva,1500.0
Chris Haseman,1500.0
Hannah Goldy,1500.0
Bekzat Almakhan,1500.0
Julian Sanchez,1500.0
Quang Le,1500.0
Dan Lauzon,1500.0
Wes Sims,1500.0
Jesse Strader,1500.0
Askar Mozharov,1500.0
Enrique Marin,1500.0
Nate Schroeder,1500.0
Dean Barry,1500.0
Courtney Turner,1500.0
Shunichi Shimizu,1500.0
Sean Daugherty,1500.0
Eldo Xavier Dias,1500.0
Xiao Long,1500.0
Filip Pejic,1500.0
Robert Lucarelli,1500.0
Chris Liguori,1500.0
Saeed Hosseini,1500.0
Alice Ardelean,1500.0
Tom Egan,1500.0
Fred Ettish,1500.0
Marcin Prachnio,1500.0
Robert Bryczek,1500.0
Kristof Midoux,1500.0
Rolles Gracie,1500.0
Sean Sharaf,1500.0
James Hammortree,1500.0
Felipe Olivieri,1500.0
Sean Gannon,1500.0
Josh Bryant,1500.0
Nazareno Malegarie,1500.0
He-Man Gipson,1500.0
Orion Cosce,1500.0
Masutatsu Yano,1500.0
Roland Payne,1500.0
Mike Wessel,1500.0
Roger Zapata,1500.0
Jordan Vucenic,1500.0
James Lee,1500.0
Maciej Jewtuszko,1500.0
Khusein Askhabov,1500.0
Houston Dorr,1500.0
Wes Albritton,1500.0
Allen Berube,1500.0
Angel Pacheco,1500.0
Eddie Mendez,1500.0
Ernie Verdicia,1500.0
Joshua Weems,1500.0
Guilherme Vasconcelos,1500.0
Ivan Serati,1500.0
Dieusel Berto,1500.0
Jackie Lee,1500.0
Brian Geraghty,1500.0
Yuri Vaulin,1500.0
Charlie Valencia,1500.0
Melissa Martinez,1500.0
Matt Lucas,1500.0
Kristian Rothaermel,1500.0
Dmitri Stepanov,1500.0
Bubba Bush,1500.0
Milton Vieira,1500.0
Sean Alvarez,1500.0
Isabela de Padua,1500.0
Aaron Wilkinson,1500.0
Connor Matthews,1500.0
Keith Mielke,1500.0
Dave Berry,1500.0
Gilbert Smith,1500.0
Ryan McGillivray,1500.0
Rodolfo Rubio Perez,1500.0
Chris Spang,1500.0
Bob Gilstrap,1500.0
Wagner Campos,1500.0
Francesco Maturi,1500.0
Jianping Yang,1500.0
Mike Breeden,1500.0
Jamie Yager,1500.0
Marcin Held,1500.0
Anistavio Medeiros,1500.0
Maia Stevenson,1500.0
Keita Nakamura,1500.0
Mike Brown,1500.0
Flavio Luiz Moura,1500.0
Daniel Spohn,1500.0
Andy Anderson,1500.0
Joe Pardo,1500.0
Tina Lahdemaki,1500.0
AJ Fletcher,1500.0
Mike King,1500.0
Vinicius Queiroz,1500.0
Abdul-Kareem Al-Selwady,1500.0
Chuck O'Neil,1500.0
Bobby Southworth,1500.0
Allan Goes,1500.0
Matt Andersen,1500.0
Keigo Kunihara,1500.0
Cameron Dollar,1500.0
Carli Judice,1500.0
Joao Pierini,1500.0
Steven Nguyen,1500.0
Pawel Pawlak,1500.0
Serhiy Sidey,1500.0
Brad Gumm,1500.0
Thomas Ramirez,1500.0
Antonio Banuelos,1500.0
Paul Herrera,1500.0
Collin Hart,1500.0
Josh Rafferty,1500.0
James Mulheron,1500.0
David Hood,1500.0
Scott Fiedler,1500.0
Jimmy Quinlan,1500.0
Mandy Bohm,1500.0
Tom Blackledge,1500.0
Sung Bin Jo,1500.0
Jason Thacker,1500.0
Alex Schoenauer,1500.0
Lodune Sincaid,1500.0
Chris Sanford,1500.0
Alex Andrade,1500.0
Tony Petarra,1500.0
Max Rohskopf,1500.0
SeungGuk Choi,1500.0
Marcus Jones,1500.0
Justin Wren,1500.0
Darrill Schoonover,1500.0
Justin James,1500.0
Jason Fairn,1500.0
Pedro Falcao,1500.0
Emmanuel Yarborough,1500.0
Sherman Pendergarst,1500.0
Danillo Villefort,1500.0
Ernesta Kareckaite,1500.0
Teila Tuli,1500.0
Frank Lester,1500.0
Tuco Tokkos,1500.0
Peggy Morgan,1500.0
David Roberts,1500.0
Steve Byrnes,1500.0
Justin Frazier,1500.0
Tim McKenzie,1500.0
Neil Grove,1500.0
Michel Batista,1500.0
Adam Cella,1500.0
Hailey Cowan,1500.0
Donnie Chappell,1500.0
Wade Shipp,1500.0
Keith Berish,1500.0
Mario Neto,1500.0
Tyler Diamond,1500.0
Allan Zuniga,1500.0
Dorian Price,1500.0
Duda Santana,1500.0
Dave Galera,1500.0
James Giboo,1500.0
Jared Rollins,1500.0
Billy Miles,1500.0
Adriano Santos,1500.0
Richie Hightower,1500.0
Robert Valentin,1500.0
Dante Rivera,1500.0
Albert Cheng,1500.0
John Kolosci,1500.0
Dan Barrera,1500.0
Richie Smullen,1500.0
Delson Heleno,1500.0
Zygimantas Ramaska,1500.0
Chris Condo,1500.0
Alex Gorgees,1500.0
Igor Severino,1500.0
Derek Downey,1500.0
Nandor Guelmino,1500.0
Humberto Brown Morrison,1500.0
Cory Walmsley,1500.0
Joe Giannetti,1500.0
Jay Cucciniello,1500.0
Joey Gilbert,1500.0
Manolo Zecchini,1500.0
Solomon Hutcherson,1500.0
Jermaine Andre,1500.0
Marcin Wrzosek,1500.0
Wallid Ismail,1500.0
Bruno Korea,1500.0
Vernon Ramos Ho,1500.0
Nissen Osterneck,1500.0
Carlos Barreto,1500.0
John Teixeira,1500.0
Kaan Ofli,1500.0
Jeff Newton,1500.0
Andy Wang,1500.0
Darrel Gholar,1500.0
Chris Tickle,1500.0
Braxton Smith,1500.0
Reza Nasri,1500.0
David Baron,1500.0
Joey Roberts,1500.0
John Polakowski,1500.0
Lewis Gonzalez,1500.0
Shane Primm,1500.0
Jules Bruchez,1500.0
Ivan Erslan,1500.0
Paul Georgieff,1500.0
Ronald Jhun,1500.0
Thaddeus Luster,1500.0
David Michaud,1500.0
David Velasquez,1500.0
Jon Manley,1500.0
Alex Torres,1500.0
James Zikic,1500.0
Cory Hendricks,1500.0
Martin Svensson,1500.0
Gerald Strebendt,1500.0
Richard Crunkilton,1500.0
Manuel Rodriguez,1500.0
Dustin Neace,1500.0
Brendan Loughnane,1500.0
Todd Butler,1500.0
Eugenio Tadeu,1500.0
Steven Koslow,1500.0
Romie Aram,1500.0
Aaron Brink,1500.0
Marcus Silveira,1500.0
Zach Light,1500.0
Bentley Syler,1500.0
Alex Stiebling,1500.0
Stephen Bass,1500.0
Leigh Remedios,1500.0
Rocky Lee,1500.0
Nick Serra,1500.0
Eric Martin,1500.0
Abner Lloveras,1500.0
Josh Stuart,1500.0
Izabela Badurek,1500.0
Icho Larenas,1500.0
Craig White,1500.0
Ariel Beck,1500.0
Yuki Sasaki,1500.0
Jarno Errens,1500.0
Byron Bloodworth,1500.0
Jamey Simmons,1500.0
Tim Williams,1500.0
Melton Bowen,1500.0
Ednaldo Oliveira,1500.0
Andre Gusmao,1500.0
CM Punk,1500.0
Josh Shockman,1500.0
Joey Gambino,1500.0
Landon Quinones,1500.0
Nikolay Veretennikov,1500.0
Liudvik Sholinian,1500.0
Talita Bernardo,1500.0
Chad Reiner,1500.0
TJ Laramie,1500.0
Shane del Rosario,1500.0
Rolando Dy,1500.0
Terrence Mitchell,1500.0
Danyelle Wolf,1500.0
Ryan Couture,1500.0
Eiji Mitsuoka,1500.0
Dustin Stoltzfus,1500.0
Alex Ricci,1500.0
Brandon Jenkins,1500.0
Jason Tan,1500.0
Mats Nilsson,1500.0
Tony Halme,1500.0
Jay Silva,1500.0
Brian Gassaway,1500.0
David Zawada,1500.0
Quinn Mulhern,1500.0
Cole Williams,1500.0
Roger Hollett,1500.0
Shayna Baszler,1500.0
Fernando Bruno,1500.0
Dokonjonosuke Mishima,1500.0
Kazula Vargas,1500.0
Gaetano Pirrello,1500.0
Mike Whitehead,1500.0
Joao Roque,1500.0
Takenori Sato,1500.0
Stefan Sekulic,1500.0
Josh Copeland,1500.0
John Marsh,1500.0
John Dowdy,1500.0
John Allan,1500.0
Michael Patt,1500.0
Anton Kuivanen,1500.0
Frank Caracci,1500.0
Luis Ramos,1500.0
Austin Arnett,1500.0
Brandon Wolff,1500.0
Crafton Wallace,1500.0
Peter Barrett,1500.0
Bobby Moffett,1500.0
Neil Wain,1500.0
Tim Gorman,1500.0
Konstantin Erokhin,1500.0
Larry Cureton,1500.0
Anthony Ivy,1500.0
Townsend Saunders,1500.0
Denis Stojnic,1500.0
Nick Agallar,1500.0
Ben Sosoli,1500.0
Danny Downes,1500.0
Azamat Gashimov,1500.0
Joey Gomez,1500.0
Steve Lopez,1500.0
Felipe Bunes,1500.0
Cale Yarbrough,1500.0
Zarrukh Adashev,1500.0
Luan Lacerda,1500.0
Jason Godsey,1500.0
Roman Salazar,1500.0
William Macario,1500.0
KB Bhullar,1500.0
Cindy Dandois,1500.0
Liliya Shakirova,1500.0
Carl Deaton,1500.0
Wagner Silva,1500.0
Tom Gallicchio,1500.0
Amilcar Alves,1500.0
Jordan Radev,1500.0
Kurt Holobaugh,1500.0
Brock Jardine,1500.0
Josh Clopton,1500.0
Josh Ferguson,1500.0
Doug Evans,1500.0
Paul Bradley,1500.0
Brendon Marotte,1500.0
Igor Zinoviev,1500.0
Juancamilo Ronderos,1500.0
Chris Heatherly,1500.0
Ricky Rainey,1500.0
Edward Faaloloto,1500.0
Gabriel Silva,1500.0
Guto Inocente,1500.0
Domingo Pilarte,1500.0
Erik Silva,1500.0
Hector Ramirez,1500.0
Te Edwards,1500.0
Dan Evensen,1500.0
Kris Moutinho,1500.0
Ramiro Hernandez,1500.0
Zviad Lazishvili,1500.0
Louis Cosce,1500.0
Gilbert Aldana,1500.0
Koji Kitao,1500.0
Brandon Melendez,1500.0
Stewart Nicoll,1500.0
Sarah Frota,1500.0
Fredson Paixao,1500.0
Joe Merritt,1500.0
Anderson Dos Santos,1500.0
Shanna Young,1500.0
Luis Pajuelo,1500.0
Ryan Roberts,1500.0
David Levicki,1500.0
Fabio Gurgel,1500.0
Rodrigo Ruas,1500.0
Will Chope,1500.0
Matt Hobar,1500.0
Dennis Buzukja,1500.0
Derrick Noble,1500.0
Jose Daniel Medina,1500.0
Joe Jordan,1500.0
Ryan Madigan,1500.0
John Matua,1500.0
Jim Mullen,1500.0
Lucio Linhares,1500.0
Brian Cobb,1500.0
Eric Shelton,1500.0
Kit Cope,1500.0
Kyle Bradley,1500.0
John Campetella,1500.0
Saparbeg Safarov,1500.0
Asbel Cancio,1500.0
Leonardo Mafra,1500.0
Carlos Mota,1500.0
Papy Abedi,1500.0
Satoshi Honma,1500.0
Bharat Kandare,1500.0
Roger Gracie,1500.0
Karine Gevorgyan,1500.0
Jason Dent,1500.0
Noe Hernandez,1500.0
Benardo Sopaj,1500.0
Kerry Schall,1500.0
Mark Scanlon,1500.0
Jack McGlaughlin,1500.0
Sako Chivitchian,1500.0
Tyler Toner,1500.0
Lowell Anderson,1500.0
Chris Saunders,1500.0
Ray Rodriguez,1500.0
Christina Marks,1500.0
Melinda Fabian,1500.0
Jesse Sanders,1500.0
Jon Delos Reyes,1500.0
Scott Junk,1500.0
Floyd Sword,1500.0
Stevie Lynch,1500.0
Rick Davis,1500.0
Willamy Freire,1500.0
Derrick Krantz,1500.0
Kelly Dullanty,1500.0
Scott Baker,1500.0
Gerry Harris,1500.0
Sean Salmon,1500.0
Koji Oishi,1500.0
Yanis Ghemmouri,1500.0
Martin Sano,1500.0
Elizabeth Phillips,1500.0
Chris de la Rocha,1500.0
Jesse Bongfeldt,1500.0
Antonio Mendes,1500.0
Keiichiro Yamamiya,1500.0
Wagner Prado,1500.0
Bevon Lewis,1500.0
Jared Gooden,1500.0
Silvana Gomez Juarez,1500.0
Nohelin Hernandez,1500.0
Amar Suloev,1500.0
Lucas Rocha,1500.0
Antonio Trocoli,1500.0
AJ Dobson,1500.0
Dylan Budka,1500.0
Bobby Hoffman,1500.0
Ravena Oliveira,1500.0
Rostem Akman,1500.0
Danny Martinez,1500.0
Jon Olav Einemo,1500.0
Caros Fodor,1500.0
Jason Novelli,1500.0
Oliver Enkamp,1500.0
Carlos Huachin,1500.0
Don Shainis,1500.0
Chad Griggs,1500.0
Jesse Butler,1500.0
Antonio McKee,1500.0
Alberta Cerra Leon,1500.0
Mark Striegl,1500.0
Eddie Ruiz,1500.0
Joe Son,1500.0
Ryan Parker,1500.0
Devin Powell,1500.0
Nick Roehrick,1500.0
Reese Andy,1500.0
Ray Wizard,1500.0
Justin Levens,1500.0
Phil Johns,1500.0
Yoshinori Horie,1500.0
Christophe Leninger,1500.0
Marcelo Aguiar,1500.0
Bill Mahood,1500.0
Vanessa Melo,1500.0
Mitch Raposo,1500.0
Paul Rodriguez,1500.0
TJ O'Brien,1500.0
Michael McBride,1500.0
Adrian Serrano,1500.0
Mehdi Baghdad,1500.0
Alberto Crane,1500.0
Daniel Lacerda,1500.0
